{
    "name": "vanilla_galore_continued",
    "version": "0.2.0",
    "title": "Vanilla Galore Continued",
    "author": "JTnadrooi",
    "contact": "@jtnadrooi",
    "homepage": "https://github.com/JTnadrooi/Vanilla-Galore-Continued",
    "factorio_version": "2.0",
    "dependencies": ["base >= 2.0", "? space-age"],
    "description": "Adds over 85 unique, well-balanced recipes to the base game, with the option to disable specific ones if desired. Vanilla Galore doesn't add any items, fluids, or buildings."
}
